{"count":1,"self":157.77303039999998,"total":169.96002479999999,"children":{"AgentResetIfDone":{"count":15165,"self":0.0102528,"total":0.0102528,"children":null},"AgentSendState":{"count":15165,"self":0.070069499999999993,"total":0.0940037,"children":{"CollectObservations":{"count":15165,"self":0.0239342,"total":0.0239342,"children":null}}},"DecideAction":{"count":15165,"self":11.69078,"total":11.690779899999999,"children":null},"AcademyStep":{"count":15165,"self":0.0447935,"total":0.0447935,"children":null},"AgentAct":{"count":15165,"self":0.3461665,"total":0.3461665,"children":null}}}